<?xml version="1.0" encoding="UTF-8"?>
<beans xmlns="http://www.springframework.org/schema/beans"
       xmlns:xsi="http://www.w3.org/2001/XMLSchema-instance"
       xmlns:context="http://www.springframework.org/schema/context"
       xsi:schemaLocation="http://www.springframework.org/schema/beans
                   http://www.springframework.org/schema/beans/spring-beans-4.0.xsd
                   http://www.springframework.org/schema/context
                   http://www.springframework.org/schema/context/spring-context-4.0.xsd  ">

    <context:annotation-config/>
    <context:component-scan base-package="com.ixiaobai.*" />

    <bean id="propertyConfigurer" class="com.ixiaobai.demo.PropertyPlaceholder">
        <property name="ignoreUnresolvablePlaceholders" value="true"/>
        <property name="properties" ref="aConfigProperties"/>
    </bean>

    <bean id="yamlConfigurer" class="com.ixiaobai.demo.PropertyPlaceholder">
        <property name="ignoreUnresolvablePlaceholders" value="true"/>
        <property name="properties" ref="yamlProperties"/>
    </bean>
    <bean id="yamlProperties" class="org.springframework.beans.factory.config.YamlPropertiesFactoryBean">
        <property name="resources">
            <list>
                <value>classpath:application.yml</value>
            </list>
        </property>
    </bean>

    <bean id="aConfigProperties" class="org.springframework.beans.factory.config.PropertiesFactoryBean">
        <property name="ignoreResourceNotFound" value="true"/>
        <property name="locations">
            <list>
                <value>classpath:/props/*.properties</value>
            </list>
        </property>
    </bean>
</beans>
