<?xml version="1.0" encoding="UTF-8"?>
<configuration debug="false">
    <statusListener class="ch.qos.logback.core.status.NopStatusListener" />

    <property name="APP_NAME" value="demo"/>

    <appender name="stdout" class="ch.qos.logback.core.ConsoleAppender">
        <Target>System.out</Target>
        <encoder>
            <pattern>%d{yyyy-MM-dd HH:mm:ss:SSS , GMT+8} %m [%c:%L]-[%p] %n</pattern>
        </encoder>
    </appender>
    <root>
        <level value="error" />
        <appender-ref ref="stdout" />
    </root>
</configuration>